loss,val_loss
0.0630287230014801,0.045217178761959076
0.04542998969554901,0.03959149867296219
